{"initial_reset_timestamp": 1589457796.6369436, "timestamps": [1589457851.7863977], "episode_lengths": [1000], "episode_rewards": [1000.0], "episode_types": ["t"]}